block_name,trial_id,left_line1,left_line2,right_line1,right_line2,secret_left_value,secret_right_value,choice,elapsed,timing,time_waiting,practice_round,second_choice,second_choice_elapsed,second_choice_value,second_choice_dashed,trial_value,reference_value,user_guess,user_guess_correct,user_guess_elapsed,bonus_block_name,bonus_trial_id,bonus_amount_cents
observe,1,225,345,200,230,345,200,left,1510.836399999971,ok,1417.496399999975,,,,,,,,,,,,,
observe,2,235,355,190,220,235,190,left,1452.3054000000159,ok,650.2859999999955,,,,,,,,,,,,,
observe,3,170,290,255,285,290,285,right,2054.2368000000147,ok,550.2420000000011,,,,,,,,,,,,,
observe,4,210,240,215,335,240,215,right,1185.5213999999983,ok,516.8940000000031,,,,,,,,,,,,,
observe,5,160,280,265,295,280,265,right,1435.6313999999843,ok,350.15400000001233,,,,,,,,,,,,,
observe,6,180,210,245,365,210,365,left,1517.7068999999879,ok,366.8279999999795,,,,,,,,,,,,,
observe,7,180,210,245,365,210,365,right,1318.9134000000204,ok,433.5239999999932,,,,,,,,,,,,,
observe,8,185,305,240,270,185,270,left,1202.1953999999828,ok,483.5460000000049,,,,,,,,,,,,,
observe,9,175,295,250,280,175,280,left,1437.298799999996,ok,466.8719999999972,,,,,,,,,,,,,
observe,10,165,285,260,290,285,290,right,950.4180000000084,ok,700.3080000000165,,,,,,,,,,,,,
observe,11,135,255,290,320,135,290,right,1050.4619999999795,ok,450.3379999999859,,,,,,,,,,,,,
observe,12,225,345,200,230,345,230,left,920.6498000000114,ok,366.8280000000114,,,,,,,,,,,,,
observe,13,270,300,155,275,270,155,right,817.0259999999892,ok,416.8500000000058,,,,,,,,,,,,,
observe,14,240,270,185,305,240,305,right,935.4114000000122,ok,416.8500000000086,,,,,,,,,,,,,
observe,15,275,305,150,270,305,150,left,950.4180000000053,ok,433.5239999999932,,,,,,,,,,,,,
observe,16,230,350,195,225,350,225,left,1120.4928000000136,ok,366.82799999998826,,,,,,,,,,,,,
observe,17,205,325,220,250,205,220,left,920.4048000000132,ok,366.8279999999795,,,,,,,,,,,,,
observe,18,240,270,185,305,270,185,right,820.360799999986,ok,350.1540000000124,,,,,,,,,,,,,
observe,19,190,220,235,355,220,235,right,835.5394000000028,ok,417.05640000000415,,,,,,,,,,,,,
observe,20,180,300,245,275,180,245,left,753.6647999999986,ok,500.22000000000116,,,,,,,,,,,,,
observe,21,240,270,185,305,270,185,right,701.9754000000194,ok,683.6339999999936,,,,,,,,,,,,,
observe,22,245,275,180,300,245,180,left,828.6978000000088,ok,595.2618000000075,,,,,,,,,,,,,
observe,23,255,285,170,290,285,170,right,666.9599999999949,ok,506.8896000000035,,,,,,,,,,,,,
observe,24,180,210,245,365,210,365,left,733.6559999999938,ok,466.872000000003,,,,,,,,,,,,,
observe,25,250,280,175,295,250,175,right,753.6648000000225,ok,433.5239999999932,,,,,,,,,,,,,
observe,26,135,255,290,320,255,320,right,753.6648000000046,ok,466.8720000000058,,,,,,,,,,,,,
observe,27,150,270,275,305,270,275,right,720.3167999999916,ok,517.2174000000057,,,,,,,,,,,,,
observe,28,195,315,230,260,195,260,right,653.6208000000191,ok,500.21999999999815,,,,,,,,,,,,,
observe,29,175,295,250,280,175,250,right,686.9687999999994,ok,533.568000000002,,,,,,,,,,,,,
observe,30,200,230,225,345,230,225,right,633.6119999999964,ok,516.8940000000031,,,,,,,,,,,,,
observe,31,230,260,195,315,260,315,right,603.5988000000042,ok,516.8939999999973,,,,,,,,,,,,,
observe,32,225,255,200,320,225,320,right,670.294799999992,ok,466.8719999999971,,,,,,,,,,,,,
observe,33,215,335,210,240,215,240,right,670.2948000000063,ok,535.235400000002,,,,,,,,,,,,,
observe,34,135,255,290,320,135,320,right,686.9687999999935,ok,466.87200000000587,,,,,,,,,,,,,
observe,35,245,275,180,300,275,180,left,686.9687999999995,ok,483.54599999999914,,,,,,,,,,,,,
observe,36,180,300,245,275,300,275,left,804.0652000000092,ok,450.19799999999816,,,,,,,,,,,,,
observe,37,235,265,190,310,235,310,left,720.3168000000244,ok,466.8719999999971,,,,,,,,,,,,,
observe,38,250,280,175,295,280,295,left,620.2728000000062,ok,566.9160000000002,,,,,,,,,,,,,
observe,39,215,335,210,240,215,210,left,703.6427999999926,ok,366.82800000001146,,,,,,,,,,,,,
observe,40,145,265,280,310,145,280,left,670.2947999999944,ok,333.4800000000133,,,,,,,,,,,,,
observe,41,200,230,225,345,200,345,left,686.9687999999935,ok,400.1760000000096,,,,,,,,,,,,,
observe,42,250,280,175,295,250,175,left,703.6427999999926,ok,333.4800000000133,,,,,,,,,,,,,
observe,43,200,320,225,255,320,225,left,550.2420000000011,ok,350.15400000001233,,,,,,,,,,,,,
observe,44,265,295,160,280,265,280,left,520.2287999999999,ok,333.4799999999843,,,,,,,,,,,,,
observe,45,245,365,180,210,245,180,left,904.1180000000177,ok,366.82799999999116,,,,,,,,,,,,,
observe,46,265,295,160,280,265,280,left,603.5988000000073,ok,333.4800000000047,,,,,,,,,,,,,
observe,47,160,280,265,295,280,295,right,433.52400000000773,too fast,333.48000000000457,,,,,,,,,,,,,
observe,48,180,300,245,275,300,275,right,987.1008000000004,ok,333.4799999999988,,,,,,,,,,,,,
observe,49,230,260,195,315,230,315,right,953.7528000000112,ok,268.45139999999657,,,,,,,,,,,,,
observe,50,235,265,190,310,265,310,right,928.7418000000126,ok,266.78400000000545,,,,,,,,,,,,,
observe,51,180,210,245,365,210,365,right,1027.1184000000071,ok,216.7619999999879,,,,,,,,,,,,,
observe,52,155,275,270,300,155,270,right,920.4048000000132,ok,183.41399999999845,,,,,,,,,,,,,
observe,53,195,225,230,350,195,350,left,770.3388000000126,ok,250.10999999999183,,,,,,,,,,,,,
observe,54,180,300,245,275,300,245,right,922.441800000015,ok,458.5350000000064,,,,,,,,,,,,,
observe,55,275,305,150,270,275,150,left,990.4356000000001,ok,320.14079999999376,,,,,,,,,,,,,
observe,56,200,320,225,255,320,255,left,701.9753999999929,ok,333.4799999999814,,,,,,,,,,,,,
observe,57,195,315,230,260,195,260,right,1087.144799999998,ok,333.47999999998717,,,,,,,,,,,,,
observe,58,275,305,150,270,275,150,left,922.072200000013,ok,350.15400000001233,,,,,,,,,,,,,
observe,59,205,235,220,340,205,340,right,803.686799999987,ok,316.80600000001425,,,,,,,,,,,,,
observe,60,190,220,235,355,220,235,right,953.7528000000082,ok,300.13199999998614,,,,,,,,,,,,,
observe,61,270,300,155,275,270,155,right,1125.4950000000013,ok,230.1011999999872,,,,,,,,,,,,,
observe,62,165,285,260,290,285,260,right,955.8227999999893,ok,260.1144000000175,,,,,,,,,,,,,
observe,63,225,255,200,320,225,320,right,1082.142600000004,ok,316.8059999999939,,,,,,,,,,,,,
observe,64,270,300,155,275,270,275,left,887.0568000000031,ok,333.4800000000133,,,,,,,,,,,,,
observe,65,265,295,160,280,265,160,left,1068.8034000000048,ok,366.8279999999998,,,,,,,,,,,,,
observe,66,255,285,170,290,255,170,right,883.7219999999622,ok,416.85000000000866,,,,,,,,,,,,,
observe,67,200,230,225,345,230,345,right,853.7088000000168,ok,416.849999999997,,,,,,,,,,,,,
observe,68,220,340,205,235,220,205,right,918.7373999999721,ok,350.1540000000008,,,,,,,,,,,,,
observe,69,195,315,230,260,315,230,right,953.7528000000104,ok,400.4980000000039,,,,,,,,,,,,,
observe,70,220,250,205,325,250,205,right,770.3709999999787,ok,483.54600000003694,,,,,,,,,,,,,
observe,71,240,270,185,305,270,185,right,753.6647999999694,ok,483.5460000000254,,,,,,,,,,,,,
observe,72,190,310,235,265,310,235,right,566.9159999999915,ok,516.8940000000118,,,,,,,,,,,,,
observe,73,240,270,185,305,240,185,right,520.2287999999883,ok,650.2860000000103,,,,,,,,,,,,,
observe,74,190,220,235,355,220,235,right,636.9468000000281,ok,483.545999999973,,,,,,,,,,,,,
observe,75,210,240,215,335,210,215,right,533.5680000000341,ok,483.545999999973,,,,,,,,,,,,,
observe,76,195,225,230,350,195,350,left,603.59880000003,ok,483.545999999973,,,,,,,,,,,,,
observe,77,145,265,280,310,265,310,left,638.6142000000282,ok,450.19799999997485,,,,,,,,,,,,,
observe,78,220,340,205,235,340,235,left,653.6208000000274,ok,450.19799999997485,,,,,,,,,,,,,
observe,79,290,320,135,255,290,135,left,570.2507999999681,ok,466.872000000038,,,,,,,,,,,,,
observe,80,230,350,195,225,230,225,left,553.576799999969,ok,500.22000000003607,,,,,,,,,,,,,
observe,81,160,280,265,295,160,295,left,586.9247999999671,ok,466.87200000003804,,,,,,,,,,,,,
observe,82,185,305,240,270,185,240,left,636.9467999999644,ok,533.5680000000343,,,,,,,,,,,,,
observe,83,230,260,195,315,230,315,left,636.9468000000049,ok,533.5679999999935,,,,,,,,,,,,,
observe,84,220,250,205,325,220,205,left,686.9688000000253,ok,400.17599999997765,,,,,,,,,,,,,
observe,85,215,245,210,330,215,330,left,586.9248000000309,ok,450.19799999997485,,,,,,,,,,,,,
observe,86,165,285,260,290,285,260,left,720.3168000000235,ok,383.5019999999786,,,,,,,,,,,,,
observe,87,220,250,205,325,250,205,left,720.3168000000235,ok,350.22259999997914,,,,,,,,,,,,,
observe,88,220,340,205,235,340,205,left,753.973499999952,ok,450.19799999997485,,,,,,,,,,,,,
observe,89,155,275,270,300,275,300,left,670.2948000000265,ok,366.8279999999795,,,,,,,,,,,,,
observe,90,135,255,290,320,255,290,left,651.9534000000276,ok,416.8499999999825,,,,,,,,,,,,,
observe,91,230,350,195,225,350,195,left,720.3168000000179,ok,300.13199999998324,,,,,,,,,,,,,
observe,92,135,255,290,320,255,290,right,451.8654000000388,too fast,400.17599999997765,,,,,,,,,,,,,
observe,93,165,285,260,290,165,260,right,585.2574000000311,ok,466.8719999999739,,,,,,,,,,,,,
observe,94,205,235,220,340,235,340,right,618.6054000000292,ok,450.19799999997485,,,,,,,,,,,,,
observe,95,175,295,250,280,175,250,right,568.5834000000322,ok,616.9379999999655,,,,,,,,,,,,,
observe,96,270,300,155,275,300,275,right,535.2354000000341,ok,450.19799999997485,,,,,,,,,,,,,
observe,97,145,265,280,310,265,280,right,551.9094000000332,ok,483.9397999999811,,,,,,,,,,,,,
observe,98,270,300,155,275,300,275,right,568.583400000032,ok,516.8939999999711,,,,,,,,,,,,,
observe,99,235,355,190,220,235,220,right,553.576800000033,ok,466.8719999999739,,,,,,,,,,,,,
observe,100,235,265,190,310,235,190,right,585.2574000000311,ok,483.545999999973,,,,,,,,,,,,,
observe,101,170,290,255,285,170,285,right,551.909400000033,ok,633.6119999999646,,,,,,,,,,,,,
observe,102,275,305,150,270,305,150,right,585.2574000000313,ok,733.6560000000228,,,,,,,,,,,,,
observe,103,180,210,245,365,180,365,right,835.3673999999532,ok,716.98199999996,,,,,,,,,,,,,
observe,104,220,340,205,235,220,235,right,533.568000000034,ok,600.2639999999665,,,,,,,,,,,,,
observe,105,220,340,205,235,340,235,right,636.9468000000282,ok,583.6587999999756,,,,,,,,,,,,,
observe,106,275,305,150,270,305,270,left,753.9743999999947,ok,450.1980000000389,,,,,,,,,,,,,
observe,107,275,305,150,270,305,270,right,583.5899999999732,ok,500.22000000003027,,,,,,,,,,,,,
observe,108,235,265,190,310,265,310,left,518.561399999971,ok,550.2420000000334,,,,,,,,,,,,,
observe,109,180,300,245,275,180,275,right,536.9027999999815,ok,550.2420000000217,,,,,,,,,,,,,
observe,110,220,340,205,235,340,205,left,620.2728000000233,ok,500.21999999997786,,,,,,,,,,,,,
observe,111,215,245,210,330,215,210,right,551.9094000000272,ok,583.5899999999732,,,,,,,,,,,,,
observe,112,215,335,210,240,335,210,left,635.2794000000283,ok,433.5239999999758,,,,,,,,,,,,,
observe,113,210,330,215,245,210,215,right,436.8588000000335,too fast,3118.037999999897,,,,,,,,,,,,,
observe,114,155,275,270,300,275,300,right,401.8433999999775,too fast,2467.7520000000563,,,,,,,,,,,,,
observe,115,195,225,230,350,225,350,right,918.7374000000066,ok,550.2419999999751,,,,,,,,,,,,,
observe,116,190,310,235,265,310,265,left,1202.1953999999967,ok,433.52400000003973,,,,,,,,,,,,,
observe,117,230,260,195,315,260,195,right,1218.8693999999955,ok,583.5899999999674,,,,,,,,,,,,,
observe,118,170,290,255,285,290,285,left,853.7088000000163,ok,467.2009000000368,,,,,,,,,,,,,
observe,119,245,365,180,210,365,210,left,868.7153999999862,ok,583.5899999999965,,,,,,,,,,,,,
observe,120,190,310,235,265,310,235,left,802.0193999999551,ok,483.545999999973,,,,,,,,,,,,,
observe,121,220,340,205,235,220,205,right,716.9820000000241,ok,633.6120000000284,,,,,,,,,,,,,
observe,122,230,260,195,315,260,315,left,1135.4994000000002,ok,867.0479999999922,,,,,,,,,,,,,
observe,123,280,310,145,265,280,265,right,585.2573999999905,ok,533.568000000034,,,,,,,,,,,,,
observe,124,205,325,220,250,205,220,left,686.9687999999616,ok,650.2860000000276,,,,,,,,,,,,,
observe,125,165,285,260,290,165,290,right,485.21339999997286,too fast,3418.5473000000607,,,,,,,,,,,,,
observe,126,200,230,225,345,200,225,right,603.5987999999662,ok,533.5680000000343,,,,,,,,,,,,,
observe,47,160,280,265,295,280,265,left,1520.6687999999788,ok,600.2640000000305,,,,,,,,,,,,,
observe,92,135,255,290,320,255,320,right,1385.6093999999862,ok,600.2640000000304,,,,,,,,,,,,,
observe,113,210,330,215,245,330,245,left,902.0634000000133,ok,500.21999999997206,,,,,,,,,,,,,
observe,114,155,275,270,300,275,270,right,1370.9855999999968,ok,466.87200000002633,,,,,,,,,,,,,
observe,125,165,285,260,290,285,290,left,1270.5587999999927,ok,416.8500000000115,,,,,,,,,,,,,
intervene,1,235,355,190,220,235,190,left,1433.9640000000475,ok,1334.2434000000476,,down,1850.8139999998966,235,,,,,,,,,
intervene,2,225,255,200,320,225,320,right,800.3520000000713,ok,983.7660000000146,,up,1017.1139999999432,320,,,,,,,,,
intervene,3,270,300,155,275,300,155,left,1619.0453999999677,ok,850.3739999999757,,up,1617.378000000038,300,,,,,,,,,
intervene,4,220,340,205,235,220,235,left,1835.8074000000022,ok,653.6207999999634,,up,1567.7344000000858,280,,,,,,,,,
intervene,5,235,355,190,220,355,220,left,1052.1294000000687,ok,1200.5280000000605,,down,1233.875999999931,295,,,,,,,,,
intervene,6,220,340,205,235,340,205,right,1202.1953999999328,ok,1117.1579999999376,,up,1000.4400000000724,220,,,,,,,,,
intervene,7,225,255,200,320,255,320,right,1018.7814000000712,ok,633.6120000000344,,up,1134.2576999999815,320,,,,,,,,,
intervene,8,170,290,255,285,290,285,left,1118.8253999999374,ok,633.6119999999646,,up,850.3740000000807,290,,,,,,,,,
intervene,9,220,250,205,325,250,205,right,867.0479999999864,ok,550.2419999999693,,up,1467.3119999999994,265,,,,,,,,,
intervene,10,265,295,160,280,295,280,right,985.4334000000731,ok,616.9379999999655,,up,1383.9420000000503,280,,,,,,,,,
intervene,11,175,295,250,280,175,250,left,1152.5584000000376,ok,583.5899999999674,,up,967.091999999946,235,,,,,,,,,
intervene,12,290,320,135,255,320,135,right,1002.1074000000722,ok,600.2640000000713,,up,1217.2019999999552,195,,,,,,,,,
intervene,13,225,345,200,230,345,230,left,1152.1733999999356,ok,700.3079999999609,,up,817.0259999999544,345,,,,,,,,,
intervene,14,220,250,205,325,220,325,right,768.671399999957,ok,516.8939999999711,,up,800.3520000000834,325,,,,,,,,,
intervene,15,255,285,170,290,285,290,right,969.1312000000614,ok,616.9379999999655,,up,1083.8099999999395,290,,,,,,,,,
intervene,16,245,275,180,300,245,300,right,835.3674000000815,ok,500.21999999997206,,up,650.2859999999637,300,,,,,,,,,
intervene,17,240,270,185,305,270,305,right,868.7153999999514,ok,716.9820000000875,,up,783.6779999999562,305,,,,,,,,,
intervene,18,215,335,210,240,335,240,left,885.3893999999505,ok,466.87200000009045,,up,700.3079999999609,335,,,,,,,,,
intervene,19,225,255,200,320,255,200,right,785.3453999999678,ok,516.8939999999711,,up,1117.5418999999874,260,,,,,,,,,
intervene,20,180,210,245,365,180,365,right,751.9974000000861,ok,466.8719999999739,,up,817.0259999999544,365,,,,,,,,,
intervene,21,245,275,180,300,275,300,right,751.9974000000861,ok,633.6119999999646,,up,700.3079999999609,300,,,,,,,,,
intervene,22,280,310,145,265,280,145,left,1102.1514000000666,ok,566.9160000000966,,up,983.765999999945,295,,,,,,,,,
intervene,23,190,220,235,355,220,355,right,651.9533999999635,ok,483.54600000007787,,up,817.0259999999544,355,,,,,,,,,
intervene,24,160,280,265,295,160,295,left,935.7908999999404,ok,466.8719999999739,,up,850.3739999999525,220,,,,,,,,,
intervene,25,245,275,180,300,275,300,right,501.88739999997193,ok,500.2200000001002,,up,716.98199999996,300,,,,,,,,,
intervene,26,230,260,195,315,260,195,right,1002.1073999999439,ok,400.17599999997765,,up,850.3740000000801,255,,,,,,,,,
intervene,27,250,280,175,295,280,175,right,1218.8693999999318,ok,516.8939999999711,,up,600.2640000000947,235,,,,,,,,,
intervene,28,220,340,205,235,220,205,left,818.6933999999542,ok,466.97789999997474,,up,717.2644000000901,280,,,,,,,,,
intervene,29,235,355,190,220,355,220,left,1202.1953999999328,ok,516.8940000001576,,up,700.307999999926,355,,,,,,,,,
intervene,30,255,285,170,290,285,170,right,883.7220000000204,ok,600.2640000000131,,up,767.003999999957,230,,,,,,,,,
intervene,31,205,235,220,340,205,340,right,1135.4994000000881,ok,666.9600000001955,,up,583.5900000000139,340,,,,,,,,,
intervene,32,200,230,225,345,230,225,right,818.6933999998496,ok,416.85000000004646,,up,733.6560000000524,285,,,,,,,,,
intervene,33,185,305,240,270,305,270,left,904.0993000000248,ok,450.1980000000214,,up,750.3300000000744,305,,,,,,,,,
intervene,34,135,255,290,320,255,320,right,768.6714000000851,ok,650.2860000000335,,up,533.5679999999703,320,,,,,,,,,
intervene,35,180,300,245,275,180,275,left,885.3893999997993,too fast,1950.8579999998444,,up,483.54599999992644,,,,,,,,,,
intervene,36,180,210,245,365,210,245,right,668.6274000001606,ok,767.0040000003066,,up,533.5679999999004,305,,,,,,,,,
intervene,37,210,240,215,335,210,335,right,685.30140000002,ok,783.6779999999796,,up,1117.537499999953,335,,,,,,,,,
intervene,38,235,355,190,220,355,190,left,900.3959999999731,too fast,3284.7779999998393,,up,450.1980000001145,,,,,,,,,,
intervene,39,225,255,200,320,225,320,right,635.2794000001162,ok,600.2639999998967,,up,783.6779999999796,320,,,,,,,,,
intervene,40,265,295,160,280,295,280,left,1185.521400000108,ok,616.9380000000587,,up,1084.1861999998105,295,,,,,,,,,
intervene,41,180,300,245,275,300,245,left,1185.521399999759,ok,583.5899999998742,,up,1000.4400000000139,300,,,,,,,,,
intervene,42,165,285,260,290,285,290,right,1402.2834000000498,ok,800.3519999998854,,up,500.22000000001856,290,,,,,,,,,
intervene,43,240,270,185,305,270,185,right,1135.4993999999247,ok,833.6999999998835,,up,900.3960000002061,245,,,,,,,,,
intervene,44,230,260,195,315,230,315,right,1102.4759000000079,ok,683.6339999999153,,up,733.6559999999822,315,,,,,,,,,
intervene,45,135,255,290,320,255,290,right,1052.129400000209,ok,550.2419999999926,,up,817.0260000000708,305,,,,,,,,,
intervene,46,275,305,150,270,305,270,left,1085.4773999998347,ok,516.8939999999712,,up,967.0919999999459,305,,,,,,,,,
intervene,47,290,320,135,255,290,255,left,835.3673999997553,ok,616.9380000000122,,up,767.0039999999805,305,,,,,,,,,
intervene,48,220,250,205,325,220,205,right,685.3408000001218,ok,583.5900000001536,,up,884.0765999998666,265,,,,,,,,,
intervene,49,145,265,280,310,265,280,right,1285.5653999997999,ok,600.2640000000596,,up,666.9600000001258,295,,,,,,,,,
intervene,50,155,275,270,300,275,300,right,1318.9133999997287,ok,616.9380000000353,,up,600.2639999999666,300,,,,,,,,,
intervene,51,175,295,250,280,295,280,left,1083.8100000001955,ok,616.9379999999423,,up,616.9379999998956,295,,,,,,,,,
intervene,52,210,240,215,335,210,335,right,1068.803399999859,ok,600.264000000013,,up,550.5839999999151,335,,,,,,,,,
intervene,53,195,315,230,260,195,230,left,1168.8473999999699,ok,700.3079999999376,,up,600.2640000002458,255,,,,,,,,,
intervene,54,215,245,210,330,215,210,right,1135.499400000088,ok,550.2420000000391,,up,616.9379999999422,270,,,,,,,,,
intervene,55,195,225,230,350,195,350,right,1168.847400000342,ok,650.2860000000102,,up,817.0259999999078,350,,,,,,,,,
intervene,56,275,305,150,270,275,270,left,1168.8474000000397,ok,550.2420000000858,,up,633.9914999998873,290,,,,,,,,,
intervene,57,215,335,210,240,335,210,left,1684.073999999813,ok,566.9160000000148,,up,616.9379999999888,335,,,,,,,,,
intervene,58,225,345,200,230,345,200,left,1185.5214000003411,ok,583.5899999999209,,up,616.9379999999422,345,,,,,,,,,
intervene,59,155,275,270,300,155,270,right,1252.2173999998256,ok,650.285999999917,,up,550.2419999999461,285,,,,,,,,,
intervene,60,255,285,170,290,255,170,right,902.0634000000776,ok,500.2199999999722,,up,667.3395000002579,230,,,,,,,,,
intervene,61,175,295,250,280,175,280,left,1168.8473999998064,ok,566.9159999998984,,up,633.6119999999647,235,,,,,,,,,
intervene,62,215,245,210,330,245,330,right,1135.4994000001577,ok,650.2859999999171,,up,733.6559999998892,330,,,,,,,,,
intervene,63,175,295,250,280,295,280,left,967.0920000002955,ok,633.611999999918,,up,566.9159999999449,295,,,,,,,,,
intervene,64,260,290,165,285,260,165,left,1402.2833999998634,ok,700.6798000002516,,up,516.893999999971,275,,,,,,,,,
intervene,65,270,300,155,275,300,155,left,1218.8693999998036,ok,533.5680000002262,,up,600.2639999998734,300,,,,,,,,,
intervene,66,215,245,210,330,215,330,right,1050.4620000000343,ok,533.5679999999003,,up,583.5899999999442,330,,,,,,,,,
intervene,67,265,295,160,280,265,280,right,1202.1953999998746,ok,650.2860000000102,,up,583.5900000002003,280,,,,,,,,,
intervene,68,225,345,200,230,345,200,left,918.737399999844,ok,566.9159999999217,,up,566.9159999999684,345,,,,,,,,,
intervene,69,210,330,215,245,330,215,left,1169.231300000008,ok,616.9380000001751,,up,533.5679999999237,330,,,,,,,,,
intervene,70,275,305,150,270,275,150,left,1233.8759999999545,ok,566.9160000000848,,up,566.9159999999449,290,,,,,,,,,
intervene,71,240,270,185,305,240,305,right,1383.9419999998993,ok,633.6120000000344,,up,533.5679999999237,305,,,,,,,,,
intervene,72,240,270,185,305,240,305,right,1233.8760000000946,ok,500.21999999992556,,up,550.2420000000391,305,,,,,,,,,
intervene,73,150,270,275,305,150,275,right,1235.9217999998941,ok,550.2419999998993,,up,550.2419999999694,290,,,,,,,,,
intervene,74,165,285,260,290,165,260,right,1068.8034000001614,ok,500.21999999994864,,up,633.6119999998947,275,,,,,,,,,
intervene,75,195,315,230,260,195,260,left,1152.1734000003426,ok,616.9380000000353,,up,550.2419999999461,255,,,,,,,,,
intervene,76,135,255,290,320,255,320,right,1168.8474000000392,ok,600.2640000000363,,up,516.8939999998779,320,,,,,,,,,
intervene,77,215,245,210,330,215,330,right,1118.825400000066,ok,617.3163999999874,,up,533.5679999999469,330,,,,,,,,,
intervene,78,195,315,230,260,315,260,left,1235.5434000000814,ok,533.567999999877,,up,500.22000000001873,315,,,,,,,,,
intervene,79,205,235,220,340,235,340,right,1102.1514000000666,ok,566.9159999998984,,up,566.9160000000614,340,,,,,,,,,
intervene,80,210,330,215,245,210,215,left,1205.5302000000374,ok,583.590000000014,,up,591.9269999999785,270,,,,,,,,,
intervene,81,145,265,280,310,265,280,right,1785.7854000000752,ok,617.3153000000632,,up,583.5899999999208,295,,,,,,,,,
intervene,82,195,315,230,260,195,230,left,1318.9133999997985,ok,550.2420000000391,,up,533.5680000002495,255,,,,,,,,,
intervene,83,225,255,200,320,225,320,right,1302.2393999999856,ok,616.9379999998724,,up,550.2420000000857,320,,,,,,,,,
intervene,84,170,290,255,285,170,255,left,1585.6974000003654,ok,533.5680000000866,,up,583.589999999851,230,,,,,,,,,
intervene,85,200,230,225,345,230,225,right,1183.8539999998873,ok,533.9463999998987,,up,633.6120000000344,285,,,,,,,,,
intervene,86,155,275,270,300,155,270,right,1152.1733999998078,ok,500.2199999999021,,up,583.590000000014,285,,,,,,,,,
intervene,87,225,345,200,230,225,200,left,1368.9354000003777,ok,600.2640000002463,,up,583.5900000000139,285,,,,,,,,,
intervene,88,205,325,220,250,205,220,left,1250.5499999999067,ok,583.5900000002234,,up,550.2419999998529,265,,,,,,,,,
intervene,89,250,280,175,295,280,295,right,1168.8474000001327,ok,617.0756000000052,,up,550.2419999999693,295,,,,,,,,,
intervene,90,230,350,195,225,230,195,left,1219.1102000000421,ok,516.8940000002507,,up,566.9159999999683,290,,,,,,,,,
intervene,91,200,320,225,255,320,225,left,1085.4773999997647,ok,583.5899999999442,,up,600.2639999999898,320,,,,,,,,,
intervene,92,225,255,200,320,225,200,right,1135.4993999998783,ok,600.2639999998967,,up,566.9159999999451,260,,,,,,,,,
intervene,93,200,320,225,255,320,225,left,1185.5214000000854,ok,533.5680000000867,,up,600.2640000001993,320,,,,,,,,,
intervene,94,195,225,230,350,195,230,right,1202.5210000000895,ok,633.6120000000112,,up,550.2419999999926,290,,,,,,,,,
intervene,95,195,225,230,350,225,350,right,1085.4774000000439,ok,566.9159999999915,,up,500.21999999992556,350,,,,,,,,,
intervene,96,220,250,205,325,250,325,right,1035.45540000028,ok,533.5679999999469,,up,583.590000000014,325,,,,,,,,,
intervene,97,235,265,190,310,235,310,right,1135.4994000000645,too fast,967.092000000179,,up,483.5459999999964,,,,,,,,,,
intervene,98,170,290,255,285,290,255,left,1352.2613999997498,ok,700.3079999999377,,up,500.65010000008624,290,,,,,,,,,
intervene,99,245,275,180,300,245,300,right,1085.4774000003003,ok,633.6120000002207,,up,1017.1139999999432,300,,,,,,,,,
intervene,100,265,295,160,280,265,280,left,1218.8694000000603,ok,800.3520000000716,,up,500.2200000001118,280,,,,,,,,,
intervene,101,190,310,235,265,310,265,left,1717.4219999999739,ok,566.9159999999915,,up,750.3299999999348,310,,,,,,,,,
intervene,102,220,340,205,235,220,205,left,1437.6771999999878,ok,616.9380000000353,,up,1617.37799999984,280,,,,,,,,,
intervene,103,135,255,290,320,255,320,right,1052.1294000000926,ok,850.3739999999757,,up,1000.4399999998742,320,,,,,,,,,
intervene,104,220,340,205,235,220,235,left,868.7154000004058,ok,733.6560000000756,,up,1133.8319999999135,280,,,,,,,,,
intervene,105,185,305,240,270,305,240,left,1035.45540000021,ok,566.9159999999683,,up,1017.4923999999185,305,,,,,,,,,
intervene,106,190,310,235,265,190,265,left,1552.349399999739,ok,917.069999999879,,up,1050.4620000000345,250,,,,,,,,,
intervene,107,205,325,220,250,205,220,left,968.7594000001675,ok,733.6559999999591,,up,983.7659999998751,265,,,,,,,,,
intervene,108,205,235,220,340,235,340,right,818.693400000129,ok,583.9673000003911,,up,1233.8759999998847,340,,,,,,,,,
intervene,109,215,335,210,240,215,240,left,1252.2174000000118,ok,633.6120000000112,,up,1083.8099999999397,275,,,,,,,,,
intervene,110,225,345,200,230,345,230,left,985.4333999999799,ok,750.3300000000046,,up,1067.1359999999172,345,,,,,,,,,
intervene,111,270,300,155,275,270,155,left,1418.9573999997695,ok,666.9599999999859,,up,950.4180000002032,285,,,,,,,,,
intervene,112,245,365,180,210,365,210,left,1219.2499999996976,ok,600.2639999998734,,up,983.7659999999915,365,,,,,,,,,
intervene,113,190,310,235,265,190,235,left,1150.5060000002154,ok,917.070000000205,,up,917.0699999999722,250,,,,,,,,,
intervene,114,275,305,150,270,275,150,left,1302.239399999799,ok,633.6120000000344,,up,967.0919999998993,290,,,,,,,,,
intervene,115,190,220,235,355,220,235,right,1118.8253999998096,ok,684.0102000000655,,up,700.3079999999842,295,,,,,,,,,
intervene,116,270,300,155,275,270,275,left,1335.5873999997743,ok,600.2639999999898,,up,800.3520000000252,285,,,,,,,,,
intervene,117,175,295,250,280,295,280,left,952.0854000000749,ok,666.9599999999162,,up,883.7220000001835,295,,,,,,,,,
intervene,118,265,295,160,280,265,160,left,1168.847400000342,ok,683.6340000001948,,up,900.3959999999032,280,,,,,,,,,
intervene,119,135,255,290,320,135,320,right,852.0414000000571,ok,633.8183999999194,,up,850.5460000000429,320,,,,,,,,,
intervene,120,200,230,225,345,200,225,right,885.3894000004282,ok,550.241999999946,,up,833.6999999999069,285,,,,,,,,,
intervene,121,155,275,270,300,155,300,left,902.0634000001244,ok,733.6560000003318,,up,850.3739999998825,215,,,,,,,,,
intervene,122,170,290,255,285,290,255,left,1467.3119999998019,ok,550.2419999999925,,up,833.7,290,,,,,,,,,
intervene,123,220,250,205,325,220,205,right,835.3674000000115,ok,733.8284999999449,,up,900.603000000166,265,,,,,,,,,
intervene,124,235,355,190,220,355,220,left,852.0414000001504,ok,1233.8759999999545,,up,616.9379999998724,355,,,,,,,,,
intervene,125,185,305,240,270,185,240,left,751.9973999998999,ok,700.3080000000074,,up,650.2859999998939,245,,,,,,,,,
intervene,126,165,285,260,290,165,260,right,1335.5873999997739,ok,616.9379999999422,,up,500.22000000027487,275,,,,,,,,,
intervene,35,180,300,245,275,180,245,left,885.3894000000553,ok,483.9243999999949,,up,983.7659999999917,240,,,,,,,,,
intervene,38,235,355,190,220,235,190,left,735.3233999998076,ok,750.3299999999814,,up,1250.5500000001637,295,,,,,,,,,
intervene,97,235,265,190,310,235,310,right,651.9534000001382,ok,633.6119999999879,,up,1150.506000000099,310,,,,,,,,,
guess,1,230,350,195,225,350,195,right,1373.937599999987,ok,,,,,,,545,500,smaller,false,952.0854000000108,,,
guess,2,270,300,155,275,270,155,left,1102.1514000000022,ok,,,,,,,425,500,larger,false,1152.1733999999997,,,
guess,3,200,320,225,255,200,255,right,1737.809200000012,ok,,,,,,,455,500,larger,false,1569.0234000000414,,,
guess,4,265,295,160,280,295,160,left,1217.2019999999957,ok,,,,,,,455,500,smaller,true,918.7374000000127,,,
guess,5,215,245,210,330,215,210,right,1018.7814000000068,ok,,,,,,,425,500,smaller,true,985.433400000009,,,
guess,6,200,320,225,255,200,225,right,3203.0754000000147,ok,,,,,,,425,500,smaller,true,1102.52979999992,,,
guess,7,175,295,250,280,175,280,right,1135.4994000000004,ok,,,,,,,455,500,smaller,true,768.6714000000212,,,
guess,8,280,310,145,265,310,145,right,1502.32739999998,ok,,,,,,,455,500,smaller,true,718.6494000000241,,,
guess,9,265,295,160,280,295,280,right,1035.455400000006,ok,,,,,,,575,500,smaller,false,568.5834000000323,,,
guess,10,175,295,250,280,295,280,right,1252.2173999999936,ok,,,,,,,575,500,smaller,false,568.5833999999685,,,
guess,11,205,235,220,340,205,220,right,1185.521399999975,ok,,,,,,,425,500,smaller,true,601.9313999999899,,,
guess,12,235,355,190,220,235,190,right,1385.9878000000326,ok,,,,,,,425,500,smaller,true,501.8873999999722,,,
guess,13,225,345,200,230,225,200,left,1252.2173999999939,ok,,,,,,,425,500,smaller,true,501.8874000000363,,,
guess,14,135,255,290,320,135,290,left,1268.8913999999927,ok,,,,,,,425,500,smaller,true,535.2354000000341,,,
guess,15,240,270,185,305,240,185,left,1785.7853999999002,ok,,,,,,,425,500,smaller,true,852.0414000000167,,,
guess,16,190,220,235,355,190,235,right,1769.11140000003,ok,,,,,,,425,500,larger,false,2886.6467000000257,,,
guess,17,205,235,220,340,235,220,right,1452.3053999999825,ok,,,,,,,455,500,smaller,true,2536.1154000000347,,,
guess,18,205,325,220,250,205,220,left,1135.4994000000183,ok,,,,,,,425,500,smaller,true,1885.8293999999646,,,
guess,19,150,270,275,305,270,305,right,1354.308300000016,ok,,,,,,,575,500,smaller,false,618.6053999999657,,,
guess,20,145,265,280,310,145,310,left,1018.7814000000712,ok,,,,,,,455,500,smaller,true,568.5833999999685,,,
guess,21,225,255,200,320,255,320,left,1385.60940000005,ok,,,,,,,575,500,smaller,false,518.5613999999713,,,
guess,22,160,280,265,295,160,265,left,785.345399999956,too fast,,,,,,,,500,,,428.52180000010435,,,
guess,23,220,250,205,325,220,325,right,919.1147000000695,ok,,,,,,,545,500,larger,true,768.6713999999573,,,
guess,24,210,330,215,245,330,215,left,1519.0014000000426,ok,,,,,,,545,500,larger,true,2069.243400000012,,,
guess,25,225,255,200,320,255,200,right,1168.8473999999346,ok,,,,,,,455,500,smaller,true,1083.8100000000677,,,
guess,26,195,225,230,350,195,230,left,1202.1954000000371,ok,,,,,,,425,500,smaller,true,968.7593999999694,,,
guess,27,245,275,180,300,275,180,right,1035.4553999999885,ok,,,,,,,455,500,smaller,true,935.7908999999987,,,
guess,28,180,210,245,365,210,245,left,1652.3934000000352,ok,,,,,,,455,500,smaller,true,683.6339999999618,,,
guess,29,235,355,190,220,235,190,left,1785.7854000000284,ok,,,,,,,425,500,smaller,true,535.2353999999704,,,
guess,30,160,280,265,295,280,295,right,1435.631400000048,ok,,,,,,,575,500,smaller,false,1102.1514000000661,,,
guess,31,145,265,280,310,265,310,left,1986.0109999999866,ok,,,,,,,575,500,smaller,false,752.238200000033,,,
guess,32,210,240,215,335,240,215,left,1902.5033999999632,ok,,,,,,,455,500,smaller,true,635.279400000023,,,
guess,33,190,310,235,265,190,265,right,1919.1774000000203,ok,,,,,,,455,500,smaller,true,568.5833999999685,,,
guess,34,240,270,185,305,270,185,left,1902.5033999998936,ok,,,,,,,455,500,smaller,true,568.5833999999685,,,
guess,35,205,325,220,250,325,220,right,1802.5966000000242,too fast,,,,,,,,500,,,447.10329999997066,,,
guess,36,270,300,155,275,300,275,left,1085.4774000000668,ok,,,,,,,575,500,larger,true,1052.1293999999416,,,
guess,37,265,295,160,280,265,280,left,1857.4836000000232,ok,,,,,,,545,500,larger,true,1085.4774000000673,,,
guess,38,135,255,290,320,255,290,left,1552.726699999906,ok,,,,,,,545,500,larger,true,1985.8734000000172,,,
guess,39,195,225,230,350,225,350,right,1118.8254000000657,ok,,,,,,,575,500,larger,true,1002.1073999999443,,,
guess,40,260,290,165,285,290,285,left,1485.6534000000452,ok,,,,,,,575,500,larger,true,885.3893999999624,,,
guess,41,260,290,165,285,290,285,left,1367.26800000004,ok,,,,,,,575,500,larger,true,852.0414000000686,,,
guess,42,245,365,180,210,365,180,left,1801.1703999998283,ok,,,,,,,545,500,larger,true,1102.1514000000661,,,
guess,43,180,300,245,275,180,275,left,1769.111399999901,ok,,,,,,,455,500,larger,false,1118.8254000000659,,,
guess,44,230,260,195,315,260,315,right,1552.3494000000408,ok,,,,,,,575,500,larger,true,1769.1113999999016,,,
guess,45,195,225,230,350,225,350,right,1085.4773999999393,ok,,,,,,,575,500,larger,true,969.1377999999912,,,
guess,46,260,290,165,285,290,285,right,1619.045400000037,ok,,,,,,,575,500,larger,true,902.0633999999499,,,
guess,47,240,270,185,305,240,185,right,1652.3934000000359,ok,,,,,,,425,500,larger,false,918.7374000000765,,,
guess,48,280,310,145,265,280,265,right,1702.4153999999048,ok,,,,,,,545,500,larger,true,852.0414000000808,,,
guess,49,215,245,210,330,215,210,left,1669.0673999999067,ok,,,,,,,425,500,smaller,true,1235.9228999999468,,,
guess,50,235,265,190,310,235,310,left,2152.6134000000557,ok,,,,,,,545,500,smaller,false,885.3893999999857,,,
guess,51,145,265,280,310,265,310,left,1802.4593999998992,ok,,,,,,,575,500,smaller,false,818.6933999999545,,,
guess,52,240,270,185,305,240,185,left,1852.481400000024,ok,,,,,,,425,500,smaller,true,516.8939999999711,,,
guess,53,165,285,260,290,165,260,left,2369.753800000041,ok,,,,,,,425,500,smaller,true,668.6273999999629,,,
guess,54,160,280,265,295,280,295,right,1785.7854000000284,ok,,,,,,,575,500,smaller,false,785.3454000000839,,,
guess,55,205,325,220,250,205,250,right,2702.8553999999767,ok,,,,,,,455,500,smaller,true,785.3453999999564,,,
guess,56,245,275,180,300,245,180,right,2453.122699999984,ok,,,,,,,425,500,smaller,true,1118.8253999999379,,,
guess,57,175,295,250,280,295,250,left,1470.6468000000455,ok,,,,,,,545,500,smaller,false,635.2793999999648,,,
guess,58,245,365,180,210,245,180,left,1735.7634000000305,ok,,,,,,,425,500,larger,false,751.9973999999582,,,
guess,59,230,260,195,315,230,195,right,1367.2680000000519,ok,,,,,,,425,500,larger,false,585.2573999999676,,,
guess,60,165,285,260,290,285,290,left,1520.6688000000431,ok,,,,,,,575,500,larger,true,520.6082999999869,,,
guess,61,180,210,245,365,180,365,right,1654.060799999989,ok,,,,,,,545,500,larger,true,570.250800000096,,,
guess,62,230,350,195,225,230,195,left,1734.0959999999031,ok,,,,,,,425,500,larger,false,585.2574000000957,,,
guess,63,215,335,210,240,215,240,left,1453.9727999999186,ok,,,,,,,455,500,larger,false,551.9094000000974,,,
guess,64,185,305,240,270,185,240,left,1770.7787999999473,ok,,,,,,,425,500,larger,false,518.5614000000528,,,
guess,65,235,265,190,310,235,310,right,2071.230899999977,too fast,,,,,,,,500,,,483.5459999999732,,,
guess,66,180,300,245,275,300,275,left,1320.5808000000543,ok,,,,,,,575,500,larger,true,585.2573999999676,,,
guess,67,165,285,260,290,285,290,left,1919.177400000021,ok,,,,,,,575,500,larger,true,568.5834000000845,,,
guess,68,170,290,255,285,170,285,left,1786.219899999933,ok,,,,,,,455,500,smaller,true,1418.9574000000484,,,
guess,69,220,340,205,235,340,235,left,2085.917400000011,ok,,,,,,,575,500,larger,true,718.6493999999601,,,
guess,70,230,260,195,315,260,315,right,1402.2834000000494,ok,,,,,,,575,500,larger,true,735.3233999999592,,,
guess,71,155,275,270,300,155,300,right,1919.177400000021,ok,,,,,,,455,500,larger,false,802.019400000083,,,
guess,72,260,290,165,285,290,285,right,2069.6228999999817,ok,,,,,,,575,500,larger,true,1018.7813999999433,,,
guess,73,245,275,180,300,245,180,right,2052.5694000000135,ok,,,,,,,425,500,smaller,true,1435.6314000000475,,,
guess,74,150,270,275,305,270,275,right,1433.9640000000475,ok,,,,,,,545,500,smaller,false,1502.3273999999165,,,
guess,75,275,305,150,270,275,150,left,1786.1638000000735,ok,,,,,,,425,500,smaller,true,1018.7813999999433,,,
guess,76,190,220,235,355,220,235,right,1634.052000000037,ok,,,,,,,455,500,smaller,true,1785.7853999999006,,,
guess,77,270,300,155,275,270,275,right,1418.9574000000482,ok,,,,,,,545,500,smaller,false,818.6933999999545,,,
guess,78,175,295,250,280,295,280,left,1904.1708000000212,ok,,,,,,,575,500,larger,true,1102.5286999999316,,,
guess,79,260,290,165,285,260,165,left,2137.6068000000078,ok,,,,,,,425,500,larger,false,685.301399999962,,,
guess,80,280,310,145,265,280,145,left,2185.9614000000056,ok,,,,,,,425,500,larger,false,835.3673999999536,,,
guess,81,175,295,250,280,175,280,right,2301.0120000000825,ok,,,,,,,455,500,larger,false,802.019400000002,,,
guess,82,145,265,280,310,145,310,right,1536.0549000000115,ok,,,,,,,455,500,larger,false,501.8873999999722,,,
guess,83,210,330,215,245,330,215,left,1669.0674000000342,ok,,,,,,,545,500,larger,true,785.3453999999564,,,
guess,84,180,300,245,275,300,245,right,1452.305400000047,ok,,,,,,,545,500,larger,true,835.3673999999536,,,
guess,85,255,285,170,290,285,290,right,1519.0014000000433,ok,,,,,,,575,500,smaller,false,733.6559999999822,,,
guess,86,160,280,265,295,160,265,left,1785.9624000000301,ok,,,,,,,425,500,smaller,true,552.0568999999904,,,
guess,87,170,290,255,285,290,285,left,1802.459400000027,ok,,,,,,,575,500,larger,true,1052.129400000069,,,
guess,88,150,270,275,305,270,275,left,1885.8293999999642,ok,,,,,,,545,500,smaller,false,885.389400000009,,,
guess,89,210,240,215,335,240,215,right,1335.5874000000529,ok,,,,,,,455,500,larger,false,883.7219999999506,,,
guess,90,195,225,230,350,225,350,right,1969.6306000000093,ok,,,,,,,575,500,larger,true,668.6273999999629,,,
guess,91,245,365,180,210,365,180,left,1368.9354000000517,ok,,,,,,,545,500,larger,true,685.301399999962,,,
guess,92,180,210,245,365,180,365,right,1852.4814000000247,ok,,,,,,,545,500,larger,true,500.21999999997206,,,
guess,93,155,275,270,300,155,300,right,1602.3714000000386,ok,,,,,,,455,500,smaller,true,1452.3054000000466,,,
guess,94,190,220,235,355,190,235,right,1502.464600000041,ok,,,,,,,425,500,larger,false,735.5634999999546,,,
guess,95,280,310,145,265,280,145,left,1619.045400000037,ok,,,,,,,425,500,larger,false,535.2353999999704,,,
guess,96,150,270,275,305,270,275,left,2085.917400000011,ok,,,,,,,545,500,larger,true,750.3299999999581,,,
guess,97,190,310,235,265,190,235,left,1969.1994000000182,ok,,,,,,,425,500,larger,false,768.6714000000854,,,
guess,98,215,245,210,330,245,330,right,1786.1582999999391,ok,,,,,,,575,500,smaller,false,601.9314000000942,,,
guess,99,180,300,245,275,300,275,left,1584.0299999999115,ok,,,,,,,575,500,larger,true,685.3014000000899,,,
guess,100,245,365,180,210,365,180,left,2069.2433999998843,ok,,,,,,,545,500,larger,true,701.975399999961,,,
guess,101,245,365,180,210,365,180,right,4437.335300000056,ok,,,,,,,545,500,larger,true,701.975399999961,,,
guess,102,235,265,190,310,235,310,right,1650.7260000000354,ok,,,,,,,545,500,smaller,false,751.9973999999582,,,
guess,103,230,350,195,225,350,195,left,1817.4660000000263,too fast,,,,,,,,500,,,465.2045999999742,,,
guess,104,155,275,270,300,275,300,right,868.715400000079,ok,,,,,,,575,500,larger,true,550.2419999999693,,,
guess,105,195,315,230,260,315,260,left,4654.092899999967,too fast,,,,,,,,500,,,483.5460000001009,,,
guess,106,190,310,235,265,310,265,left,1103.818800000066,ok,,,,,,,575,500,larger,true,635.2793999999648,,,
guess,107,215,335,210,240,215,210,left,2036.2738000000588,ok,,,,,,,425,500,smaller,true,852.0413999999527,,,
guess,108,195,315,230,260,315,230,left,1235.5434000000585,ok,,,,,,,545,500,larger,true,751.9973999999582,,,
guess,109,230,260,195,315,260,195,right,1535.6754000000417,ok,,,,,,,455,500,smaller,true,900.3959999999497,,,
guess,110,205,235,220,340,205,220,right,1185.5214000000612,ok,,,,,,,425,500,smaller,true,1669.0674000000347,,,
guess,111,180,210,245,365,180,365,right,1285.9437999999732,ok,,,,,,,545,500,larger,true,852.0413999999527,,,
guess,112,275,305,150,270,305,150,left,1802.459400000027,ok,,,,,,,455,500,larger,false,718.6493999999601,,,
guess,113,180,300,245,275,300,245,left,1919.177400000021,ok,,,,,,,545,500,larger,true,885.3894000000787,,,
guess,114,280,310,145,265,280,145,left,1587.3648000000271,ok,,,,,,,425,500,smaller,true,768.671399999969,,,
guess,115,135,255,290,320,135,290,right,1404.3291999999665,ok,,,,,,,425,500,smaller,true,918.7374000000765,,,
guess,116,190,220,235,355,220,355,right,1085.4773999999393,ok,,,,,,,575,500,larger,true,1085.477400000067,,,
guess,117,205,325,220,250,325,250,left,1519.001399999915,ok,,,,,,,575,500,larger,true,852.0414000000808,,,
guess,118,210,240,215,335,240,335,right,1684.0740000000335,ok,,,,,,,575,500,larger,true,852.0413999999527,,,
guess,119,215,245,210,330,245,330,right,1702.5530000000488,ok,,,,,,,575,500,larger,true,1085.7181999999684,,,
guess,120,180,210,245,365,210,365,right,1235.5434000000585,ok,,,,,,,575,500,larger,true,1017.1139999999432,,,
guess,121,195,315,230,260,315,260,left,1635.719400000036,ok,,,,,,,575,500,larger,true,993.7703999999447,,,
guess,122,275,305,150,270,305,150,right,1734.0959999999034,ok,,,,,,,455,500,larger,false,902.0634000000774,,,
guess,123,170,290,255,285,290,255,left,1419.2983999999826,ok,,,,,,,545,500,larger,true,835.3673999999536,,,
guess,124,200,230,225,345,230,225,right,835.3674000000815,ok,,,,,,,455,500,larger,false,1017.1139999999432,,,
guess,125,215,245,210,330,245,330,right,1685.7414000000335,ok,,,,,,,575,500,larger,true,902.0633999999615,,,
guess,126,210,240,215,335,210,215,right,1218.8694000000482,ok,,,,,,,425,500,smaller,true,733.655999999959,,,
guess,22,160,280,265,295,280,295,left,1152.1734000000638,ok,,,,,,,575,500,smaller,false,968.7593999999461,,,
guess,35,205,325,220,250,325,250,left,1669.429299999936,ok,,,,,,,575,500,smaller,false,601.9313999999666,,,
guess,65,235,265,190,310,265,190,right,1669.067400000035,ok,,,,,,,455,500,smaller,true,802.019399999967,,,
guess,103,230,350,195,225,350,225,left,1635.719400000025,ok,,,,,,,575,500,smaller,false,1002.1074000000718,,,
guess,105,195,315,230,260,195,260,left,1619.045399999979,ok,,,,,,,455,500,smaller,true,585.2574000000258,,,
observe-repeat,1,205,235,220,340,235,340,right,1225.5389999998033,ok,817.0259999998846,,,,,,,,,,,,,
observe-repeat,2,195,315,230,260,195,260,left,985.4334000001196,ok,650.2859999999172,,,,,,,,,,,,,
observe-repeat,3,280,310,145,265,280,145,right,902.0633999999147,ok,633.6119999998948,,,,,,,,,,,,,
observe-repeat,4,225,255,200,320,225,200,right,852.0414000003834,ok,666.9599999999396,,,,,,,,,,,,,
observe-repeat,5,255,285,170,290,285,290,right,1085.8656999999191,ok,633.6120000000112,,,,,,,,,,,,,
observe-repeat,6,230,350,195,225,350,225,right,1035.4554000000935,ok,616.9379999999422,,,,,,,,,,,,,
observe-repeat,7,195,225,230,350,225,230,left,968.7594000000274,ok,500.21999999999525,,,,,,,,,,,,,
observe-repeat,8,235,265,190,310,265,310,right,1068.8034000003013,ok,583.590000000014,,,,,,,,,,,,,
observe-repeat,9,150,270,275,305,150,305,right,902.0633999998449,ok,616.9380000001753,,,,,,,,,,,,,
observe-repeat,10,225,255,200,320,255,320,right,952.0853999998188,ok,650.2860000000102,,,,,,,,,,,,,
observe-repeat,11,185,305,240,270,305,240,left,1320.6839999999384,ok,433.79919999996196,,,,,,,,,,,,,
observe-repeat,12,135,255,290,320,135,320,right,835.3673999998953,ok,583.5900000002005,,,,,,,,,,,,,
observe-repeat,13,230,260,195,315,230,315,right,885.3893999998459,ok,533.5679999998771,,,,,,,,,,,,,
observe-repeat,14,230,260,195,315,230,195,right,835.3674000000817,ok,650.2859999999637,,,,,,,,,,,,,
observe-repeat,15,205,235,220,340,205,340,right,735.3233999999009,ok,533.567999999947,,,,,,,,,,,,,
observe-repeat,16,180,300,245,275,300,245,left,885.3894000000553,ok,550.2419999999927,,,,,,,,,,,,,
observe-repeat,17,250,280,175,295,280,295,right,768.6714000000854,ok,600.2639999999898,,,,,,,,,,,,,
observe-repeat,18,245,365,180,210,245,180,left,852.0414000000105,ok,700.3080000000541,,,,,,,,,,,,,
observe-repeat,19,270,300,155,275,300,155,right,751.9973999997135,ok,633.6120000000345,,,,,,,,,,,,,
observe-repeat,20,180,300,245,275,300,275,left,651.9534000001382,ok,666.9599999999161,,,,,,,,,,,,,
observe-repeat,21,235,265,190,310,235,190,right,868.7154000003592,ok,716.98199999996,,,,,,,,,,,,,
observe-repeat,22,220,250,205,325,220,205,right,751.9973999997601,ok,616.9380000000122,,,,,,,,,,,,,
observe-repeat,23,215,245,210,330,215,210,right,818.6934000000124,ok,733.6559999999589,,,,,,,,,,,,,
observe-repeat,24,160,280,265,295,280,265,right,768.671399999829,ok,683.6339999999851,,,,,,,,,,,,,
observe-repeat,25,150,270,275,305,270,275,right,918.7374000001004,ok,650.6665999999038,,,,,,,,,,,,,
observe-repeat,26,145,265,280,310,265,310,right,935.4113999998198,ok,683.6339999999851,,,,,,,,,,,,,
observe-repeat,27,150,270,275,305,270,275,right,785.3454000000843,ok,600.2639999998967,,,,,,,,,,,,,
observe-repeat,28,150,270,275,305,150,305,right,885.3894000001252,ok,650.2859999999405,,,,,,,,,,,,,
observe-repeat,29,200,320,225,255,320,225,left,701.9754000000888,ok,516.8939999999244,,,,,,,,,,,,,
observe-repeat,30,165,285,260,290,285,260,left,918.7374000001699,ok,533.5679999998538,,,,,,,,,,,,,
observe-repeat,31,165,285,260,290,165,260,left,850.3740000002787,ok,600.2639999998967,,,,,,,,,,,,,
observe-repeat,32,290,320,135,255,290,135,left,735.323399999924,ok,684.0101999998558,,,,,,,,,,,,,
observe-repeat,33,230,260,195,315,230,315,right,618.6053999998142,ok,683.6340000000083,,,,,,,,,,,,,
observe-repeat,34,175,295,250,280,175,280,left,751.9974000000627,ok,716.9819999999831,,,,,,,,,,,,,
observe-repeat,35,275,305,150,270,305,270,left,902.0634000000314,ok,616.9379999999888,,,,,,,,,,,,,
observe-repeat,36,170,290,255,285,290,285,left,1018.7813999998384,ok,483.5459999999264,,,,,,,,,,,,,
observe-repeat,37,230,260,195,315,230,195,left,985.4333999997937,ok,550.2420000001323,,,,,,,,,,,,,
observe-repeat,38,255,285,170,290,255,290,right,616.9380000001053,ok,616.9379999999423,,,,,,,,,,,,,
observe-repeat,39,180,300,245,275,300,245,left,701.9753999998561,ok,583.9673000003445,,,,,,,,,,,,,
observe-repeat,40,235,265,190,310,235,190,right,751.9973999998533,ok,633.6119999998948,,,,,,,,,,,,,
observe-repeat,41,180,300,245,275,180,275,left,751.997400000086,ok,633.6120000000111,,,,,,,,,,,,,
observe-repeat,42,215,245,210,330,245,210,right,735.3233999998309,ok,616.9380000002682,,,,,,,,,,,,,
observe-repeat,43,160,280,265,295,160,265,right,1020.4487999998731,ok,500.2200000000653,,,,,,,,,,,,,
observe-repeat,44,195,225,230,350,225,230,left,818.6934000000591,ok,516.8939999998779,,,,,,,,,,,,,
observe-repeat,45,250,280,175,295,250,175,right,818.6934000001988,ok,583.5899999998976,,,,,,,,,,,,,
observe-repeat,46,270,300,155,275,270,155,right,785.3453999998748,ok,567.1919999999462,,,,,,,,,,,,,
observe-repeat,47,170,290,255,285,290,285,left,702.078900000034,ok,700.3079999999841,,,,,,,,,,,,,
observe-repeat,48,215,335,210,240,335,210,left,852.0413999997545,ok,466.8720000000438,,,,,,,,,,,,,
observe-repeat,49,145,265,280,310,265,280,right,852.0414000000105,ok,500.21999999999525,,,,,,,,,,,,,
observe-repeat,50,235,355,190,220,355,220,left,985.4333999997937,ok,500.2200000000652,,,,,,,,,,,,,
observe-repeat,51,230,350,195,225,350,225,left,885.3894000000321,ok,583.5900000000139,,,,,,,,,,,,,
observe-repeat,52,275,305,150,270,275,150,left,1002.1074000001886,ok,566.916000000108,,,,,,,,,,,,,
observe-repeat,53,180,210,245,365,180,365,right,751.9973999997601,ok,617.0752000000329,,,,,,,,,,,,,
observe-repeat,54,245,275,180,300,245,300,right,968.9994999998715,ok,550.2420000000391,,,,,,,,,,,,,
observe-repeat,55,170,290,255,285,290,285,left,785.3454000003638,ok,867.0479999998818,,,,,,,,,,,,,
observe-repeat,56,225,255,200,320,225,200,right,785.3453999998748,ok,800.3519999998855,,,,,,,,,,,,,
observe-repeat,57,230,260,195,315,230,315,right,1352.261400000076,ok,550.2420000002253,,,,,,,,,,,,,
observe-repeat,58,235,355,190,220,235,220,left,768.6714000000851,ok,833.6999999999067,,,,,,,,,,,,,
observe-repeat,59,210,240,215,335,240,335,right,802.0194000001298,ok,683.6339999999153,,,,,,,,,,,,,
observe-repeat,60,270,300,155,275,300,155,right,1037.502299999981,ok,566.9159999999451,,,,,,,,,,,,,
observe-repeat,61,145,265,280,310,145,280,left,803.686800000258,ok,700.3079999999377,,,,,,,,,,,,,
observe-repeat,62,230,260,195,315,260,315,right,852.0414000000338,ok,566.9159999999683,,,,,,,,,,,,,
observe-repeat,63,175,295,250,280,175,250,left,685.301400000183,ok,767.0039999999573,,,,,,,,,,,,,
observe-repeat,64,270,300,155,275,270,275,right,1185.5214000000155,ok,500.2199999999254,,,,,,,,,,,,,
observe-repeat,65,265,295,160,280,295,160,left,601.9314000001177,ok,683.6340000000317,,,,,,,,,,,,,
observe-repeat,66,200,320,225,255,200,255,right,852.0413999997778,ok,600.4711999999593,,,,,,,,,,,,,
observe-repeat,67,235,265,190,310,235,190,left,768.7897999999813,ok,633.6119999998947,,,,,,,,,,,,,
observe-repeat,68,235,355,190,220,355,190,right,751.997400000086,ok,616.9379999999422,,,,,,,,,,,,,
observe-repeat,69,290,320,135,255,290,255,left,735.3233999999009,ok,700.3080000001708,,,,,,,,,,,,,
observe-repeat,70,250,280,175,295,280,295,right,735.3233999998309,ok,533.5679999999935,,,,,,,,,,,,,
observe-repeat,71,220,340,205,235,340,235,left,635.2794000001162,ok,700.3079999999377,,,,,,,,,,,,,
observe-repeat,72,240,270,185,305,240,185,right,768.6714000000618,ok,633.6119999999179,,,,,,,,,,,,,
observe-repeat,73,185,305,240,270,305,270,left,768.6714000001783,ok,616.9379999999422,,,,,,,,,,,,,
observe-repeat,74,210,240,215,335,210,335,right,702.4055000001798,ok,600.2639999999432,,,,,,,,,,,,,
observe-repeat,75,150,270,275,305,270,275,left,601.9314000000478,ok,616.9380000000587,,,,,,,,,,,,,
observe-repeat,76,220,340,205,235,220,205,right,985.4333999997704,ok,566.9160000002246,,,,,,,,,,,,,
observe-repeat,77,275,305,150,270,275,150,left,635.2793999997899,ok,583.5900000000605,,,,,,,,,,,,,
observe-repeat,78,210,330,215,245,330,245,right,683.6340000001949,ok,533.5679999999237,,,,,,,,,,,,,
observe-repeat,79,225,345,200,230,345,200,left,651.953399999789,ok,733.6559999999822,,,,,,,,,,,,,
observe-repeat,80,210,240,215,335,240,335,right,818.6933999998496,ok,1017.1139999998966,,,,,,,,,,,,,
observe-repeat,81,250,280,175,295,280,295,right,683.7731999999843,ok,533.8116000000153,,,,,,,,,,,,,
observe-repeat,82,215,245,210,330,245,210,right,818.6934000000124,ok,733.6560000000754,,,,,,,,,,,,,
observe-repeat,83,235,355,190,220,235,190,right,650.2859999998939,ok,633.6120000000344,,,,,,,,,,,,,
observe-repeat,84,200,230,225,345,230,225,right,1233.875999999838,ok,616.9380000000587,,,,,,,,,,,,,
observe-repeat,85,180,300,245,275,300,245,right,935.4113999999596,ok,550.2420000000857,,,,,,,,,,,,,
observe-repeat,86,220,340,205,235,340,235,left,985.4333999997704,ok,483.54600000001966,,,,,,,,,,,,,
observe-repeat,87,195,225,230,350,195,350,left,817.0259999998846,ok,533.5679999999935,,,,,,,,,,,,,
observe-repeat,88,210,240,215,335,240,335,right,919.0596999996577,ok,900.3960000002061,,,,,,,,,,,,,
observe-repeat,89,185,305,240,270,185,240,left,551.9093999998645,ok,750.3299999999349,,,,,,,,,,,,,
observe-repeat,90,250,280,175,295,250,295,left,852.0414000000109,ok,550.2420000000391,,,,,,,,,,,,,
observe-repeat,91,230,350,195,225,350,225,left,635.2794000001159,ok,633.6119999998948,,,,,,,,,,,,,
observe-repeat,92,220,250,205,325,220,205,left,802.0193999998738,ok,600.2639999998734,,,,,,,,,,,,,
observe-repeat,93,185,305,240,270,185,270,left,835.3674000001513,ok,633.6119999998948,,,,,,,,,,,,,
observe-repeat,94,215,245,210,330,245,330,left,733.6560000000754,ok,583.5899999999441,,,,,,,,,,,,,
observe-repeat,95,145,265,280,310,265,280,left,535.4258999998449,ok,583.8185999999521,,,,,,,,,,,,,
observe-repeat,96,155,275,270,300,275,270,left,968.7594000000972,ok,483.54600000004297,,,,,,,,,,,,,
observe-repeat,97,250,280,175,295,280,295,left,800.3519999999087,ok,550.2419999999458,,,,,,,,,,,,,
observe-repeat,98,135,255,290,320,255,290,left,818.693400000059,ok,650.2860000002198,,,,,,,,,,,,,
observe-repeat,99,190,220,235,355,220,235,left,968.7594000000972,ok,583.5899999999674,,,,,,,,,,,,,
observe-repeat,100,270,300,155,275,300,155,left,685.3014000001364,ok,700.3079999999842,,,,,,,,,,,,,
observe-repeat,101,220,250,205,325,220,325,left,918.7373999997042,ok,466.8720000000438,,,,,,,,,,,,,
observe-repeat,102,235,355,190,220,355,190,right,852.2159000000219,ok,567.1253999999026,,,,,,,,,,,,,
observe-repeat,103,220,340,205,235,220,205,right,735.3234000001802,ok,683.6339999998686,,,,,,,,,,,,,
observe-repeat,104,235,265,190,310,265,310,right,718.6493999998785,ok,583.5899999999209,,,,,,,,,,,,,
observe-repeat,105,200,320,225,255,200,255,left,701.9753999998561,ok,550.2419999999925,,,,,,,,,,,,,
observe-repeat,106,200,230,225,345,230,225,right,768.6714000000618,ok,566.9159999999449,,,,,,,,,,,,,
observe-repeat,107,245,365,180,210,365,210,left,701.9753999998561,ok,500.22000000001873,,,,,,,,,,,,,
observe-repeat,108,210,330,215,245,330,215,right,768.6713999998291,ok,600.2639999999432,,,,,,,,,,,,,
observe-repeat,109,250,280,175,295,280,295,left,751.9974000000627,ok,566.9160000000148,,,,,,,,,,,,,
observe-repeat,110,200,230,225,345,230,345,right,785.6753999998095,ok,550.2419999999693,,,,,,,,,,,,,
observe-repeat,111,150,270,275,305,270,275,left,685.301399999857,ok,566.9159999999683,,,,,,,,,,,,,
observe-repeat,112,220,250,205,325,220,325,right,635.2794000001628,ok,583.589999999851,,,,,,,,,,,,,
observe-repeat,113,205,325,220,250,205,250,left,668.6274000001606,ok,600.2639999999666,,,,,,,,,,,,,
observe-repeat,114,165,285,260,290,165,260,right,968.7594000001205,ok,533.5679999998538,,,,,,,,,,,,,
observe-repeat,115,155,275,270,300,155,270,left,550.2420000000159,ok,666.959999999986,,,,,,,,,,,,,
observe-repeat,116,160,280,265,295,160,265,right,785.3454000000376,ok,533.56800000004,,,,,,,,,,,,,
observe-repeat,117,200,230,225,345,200,345,right,1018.7814000000013,ok,483.97940000006923,,,,,,,,,,,,,
observe-repeat,118,180,300,245,275,300,245,left,635.2793999999063,ok,550.2419999998993,,,,,,,,,,,,,
observe-repeat,119,225,345,200,230,225,230,left,701.975400000182,ok,583.5900000002239,,,,,,,,,,,,,
observe-repeat,120,245,365,180,210,365,180,left,585.257399999816,ok,533.567999999877,,,,,,,,,,,,,
observe-repeat,121,180,210,245,365,210,245,right,685.301400000183,ok,650.2860000002197,,,,,,,,,,,,,
observe-repeat,122,235,355,190,220,235,190,left,685.3013999997405,ok,483.5460000000428,,,,,,,,,,,,,
observe-repeat,123,155,275,270,300,275,270,right,718.649400000321,ok,583.5899999999675,,,,,,,,,,,,,
observe-repeat,124,185,305,240,270,185,270,left,635.2793999997899,ok,583.5900000002237,,,,,,,,,,,,,
observe-repeat,125,270,300,155,275,270,155,left,668.6274000001606,ok,733.9826999999818,,,,,,,,,,,,,
observe-repeat,126,220,250,205,325,250,325,right,785.3454000000376,ok,483.5460000002757,,,,,,,,,,,,,
observe,1,210,330,215,245,330,215,,3000,too slow,1183.8540000000132,true,,,,,,,,,,,,
observe,2,250,370,175,205,370,175,right,1020.4488000000074,ok,1667.779500000005,true,,,,,,,,,,,,
observe,1,210,330,215,245,330,215,left,668.6273999999945,ok,1433.9639999999845,true,,,,,,,,,,,,
observe,1,255,375,170,200,375,200,right,508.5570000000035,ok,1601.0813000000003,true,,,,,,,,,,,,
observe,2,245,275,180,300,245,180,left,485.21340000000487,ok,1817.4659999999776,true,,,,,,,,,,,,
intervene,1,180,210,245,365,210,365,right,1374.3182000000722,ok,3384.8220000000692,true,down,2984.6459999999606,305,,,,,,,,,
intervene,2,270,390,155,185,390,185,left,1302.2394000000547,too fast,1784.1179999999003,true,,3000,,,,,,,,,,
intervene,2,270,390,155,185,270,155,left,902.0634000000539,ok,3268.1039999999457,true,up,1350.5939999999246,330,,,,,,,,,
guess,1,255,375,170,200,255,170,left,2059.2390000000137,ok,1417.2899999999845,true,,,,,425,500,larger,false,3054.6767999999593,,,
guess,2,205,325,220,250,325,220,right,1435.9764000000207,ok,933.743999999977,true,,,,,545,500,smaller,false,1383.9765000000252,,,
observe-repeat,1,170,200,255,375,200,255,right,1492.3229999997188,ok,1517.334000000008,true,,,,,,,,,,,,
observe-repeat,2,280,400,145,175,280,175,left,1035.4554000000005,ok,867.047999999975,true,,,,,,,,,,,,
,,,,,,,,,,,,,,,,,,,,,,observe,118,29
,,,,,,,,,,,,,,,,,,,,,,intervene,47,28
,,,,,,,,,,,,,,,,,,,,,,guess,41,29
,,,,,,,,,,,,,,,,,,,,,,observe-repeat,40,21
